﻿<?xml version="1.0" encoding="UTF-8" standalone="yes"?>
<addon id="repo.kodinfotec" name="Repository Kodinfotec" version="0.0.6" provider-name="Anonymous">
  <requires>
  	<import addon="xbmc.python" version="5.0.0"/>
  	<import addon="xbmc.addon" version="12.0.0"/>
  </requires>	
	<extension point="xbmc.addon.repository" name="Repository Kodinfotec">
		<info compressed="false">https://raw.githubusercontent.com/kodinfotec/online/master/addons.xml</info>
		<checksum>https://raw.githubusercontent.com/kodinfotec/online/master/addons.xml.md5</checksum>
		<datadir zip="true">https://raw.githubusercontent.com/kodinfotec/online/master</datadir>
	</extension>
	<extension point="xbmc.addon.metadata">
		<summary>Demonstration Addon</summary>
		<description>Addon Description</description>
		<disclaimer></disclaimer>
		<platform>all</platform>
	</extension>
</addon>